"Material Name","Material Type","Base Color (F0)","Metalness","Specular Color","Specular Color (F82)","Density (kg/m3)","Relative Luminance","Description","References","Tags","MaterialX Download URL","Physics","Misc"
"Aluminum","Metal","0.916,0.923,0.924","1","0.989,0.989,0.972","0.910,0.936,0.959","2700","0.922","","Polyanskiy, M. N., ""Refractive index database"", (Accessed: 2025-06-26)\nPortsmouth, J., Kutz, P., & Hill, S., (2025), ""OpenPBR: Novel Features and Implementation Details"", (Accessed: 2025-12-30)\nWikipedia contributors, ""Aluminium"", Wikipedia, The Free Encyclopedia, (Accessed: 2025-01-25)\nWikipedia contributors, ""Density"", Wikipedia, The Free Encyclopedia, (Accessed: 2025-01-25)\nWikipedia contributors, ""Mirror"", Wikipedia, The Free Encyclopedia, (Accessed: 2025-01-25)","aluminium, mirror","blob:https://physicallybased.info/562c02c8-8984-4b64-a016-3a970dc4f99a","Density: 2700 kg/m3","Relative Luminance: 0.922"
"Aluminum (Anodized Red)","Metal","0.600,0.000,0.000","1","0.989,0.989,0.972","0.910,0.936,0.959","2700","0.128","Aluminum can be colorized by a process called anodization. It creates a layer of aluminum oxide by supplying different voltages which results in different thickness. Unlike titanium, aluminum doesn't get vivid colors from anodization so dyes are used to color it further.","Polyanskiy, M. N., ""Refractive index database"", (Accessed: 2025-06-26)\nPolyanskiy, M. N., ""Refractive index database"", (Accessed: 2026-02-07)\nPortsmouth, J., Kutz, P., & Hill, S., (2025), ""OpenPBR: Novel Features and Implementation Details"", (Accessed: 2025-12-30)\nWikipedia contributors, ""Aluminium"", Wikipedia, The Free Encyclopedia, (Accessed: 2025-01-25)\nWikipedia contributors, ""Density"", Wikipedia, The Free Encyclopedia, (Accessed: 2025-01-25)\nWikipedia contributors, ""Mirror"", Wikipedia, The Free Encyclopedia, (Accessed: 2025-01-25)\nWikipedia contributors, ""Aluminium oxide"", Wikipedia, The Free Encyclopedia, (Accessed: 2026-02-07)\nWikipedia contributors, ""Anodizing"", Wikipedia, The Free Encyclopedia, (Accessed: 2026-02-07)\nRuan, B., ""Anodizing Color Chart"", Beska LLC, (Accessed: 2026-02-07)\n""What Is the Anodizing Process for Aluminum and Why Is It Used"", WUXI SEATHER TECHNOLOGY CO., LTD., (Accessed: 2026-02-07)","aluminium","blob:https://physicallybased.info/1434a55f-7413-4460-81e7-71f9f1555939","Density: 2700 kg/m3","Relative Luminance: 0.128"
"Amber","Non-Metal","","0","","","1060","","","Wikipedia contributors, ""Amber"", Wikipedia, The Free Encyclopedia, (Accessed: 2026-02-10)","","blob:https://physicallybased.info/1196eae1-dd7d-45ff-9c42-eb57e9d37848","Density: 1060-1100 kg/m3",""
"Asphalt (Fresh)","Non-Metal","0.043,0.041,0.040","0","","","","0.042","Asphalt consists of crushed stone, gravel, and sand, bound together with bitumen.","Jakubiec, J. A., ""Spectral Materials Database"", (Accessed: 2026-02-03)\nWikipedia contributors, ""Asphalt concrete"", Wikipedia, The Free Encyclopedia, (Accessed: 2026-02-03)\nWikipedia contributors, ""Bitumen"", Wikipedia, The Free Encyclopedia, (Accessed: 2026-02-03)\nTaylor, S. D., Czarnecki, J., & Masliyah, J., (2001), ""Refractive Index Measurements Of Diluted Bitumen Solutions"", Fuel, 80,(14), 2013---2018","tarmac, bitumen","blob:https://physicallybased.info/b0750815-efac-4879-999a-20bacbc94711","","Relative Luminance: 0.042"
"Banana","Non-Metal","0.634,0.532,0.111","0","","","","0.523","","Jakubiec, J. A., ""Spectral Materials Database"", (Accessed: 2025-01-25)","","blob:https://physicallybased.info/dac9a2bf-217b-41ce-9ec8-81abfb4d5e72","","Relative Luminance: 0.523"
"Beryllium","Metal","0.539,0.533,0.534","1","0.549,0.503,0.364","0.731,0.738,0.755","1850","0.534","","Polyanskiy, M. N., ""Refractive index database"", (Accessed: 2025-06-18)\nPortsmouth, J., Kutz, P., & Hill, S., (2025), ""OpenPBR: Novel Features and Implementation Details"", (Accessed: 2025-12-30)\nWikipedia contributors, ""Beryllium"", Wikipedia, The Free Encyclopedia, (Accessed: 2025-06-18)\nWikipedia contributors, ""Density"", Wikipedia, The Free Encyclopedia, (Accessed: 2025-06-18)","","blob:https://physicallybased.info/bd08ebe2-9efc-4afd-b10e-188b06239bcd","Density: 1850 kg/m3","Relative Luminance: 0.534"
"Blackboard","Non-Metal","0.039,0.039,0.039","0","","","","0.039","","Jakubiec, J. A., ""Spectral Materials Database"", (Accessed: 2025-01-25)\nPalmqvist, A., ""Spectrophotometer Measurement"", Physically Based Database, (Accessed: 2025-01-25)","","blob:https://physicallybased.info/a02515f7-7fb3-4824-b7f7-eaec612ea711","","Relative Luminance: 0.039"
"Blood","Non-Metal","","0","","","1060","","The color of blood depends on its oxygen level. When there is plenty of oxygen, the color is a brighter red. The reason is because of a protein called hemoglobin, which carries the oxygen in your blood. When hemoglobin has a full oxygen load, it has a bright red color, and when it's deoxygenated it's a darker red. For example, arterial and capillary blood is bright, and venous blood is dark.","Wikipedia contributors, ""Blood"", Wikipedia, The Free Encyclopedia, (Accessed: 2025-01-11)\nWikipedia contributors, ""Blood Red"", Wikipedia, The Free Encyclopedia, (Accessed: 2025-01-25)\nWikipedia contributors, ""Hemorheology"", Wikipedia, The Free Encyclopedia, (Accessed: 2025-01-25)\nWikipedia contributors, ""Surface tension"", Wikipedia, The Free Encyclopedia, (Accessed: 2025-08-30)\nPolyanskiy, M. N., ""Refractive index database"", (Accessed: 2025-07-22)\nShmukler, M., Elert, G. (Ed.), ""Density of Blood"", The Physics Factbook, (Accessed: 2025-01-26)\nShihana, F., Dissanayake, D. M., Buckley, N. A. & Dawson, A. H., (2009), ""A Simple Quantitative Bedside Test to Determine Methemoglobin"", Annals of emergency medicine, 55,(2), 184---189\n""Liquids - Dynamic Viscosities"", The Engineering ToolBox, (Accessed: 2025-01-26)\nNader, E., Skinner, S., Romana, M., Fort, R., Lemonne, N., Guillot, N., ... & Connes, P., (2019), ""Blood Rheology: Key Parameters, Impact on Blood Flow, Role in Sickle Cell Disease and Effects of Exercise"", Frontiers in physiology, 10, 1329\nRealFlow 10 Documentation, ""Hybrido Viscosity Table"", Next Limit Technologies, (Accessed: 2025-01-26)\n""Viscosity of Whole Blood"", Anton Paar GmbH, (Accessed: 2025-01-26)","liquid","blob:https://physicallybased.info/7b70aa9c-7bb5-4a11-8fc4-acf7ee7c4e75","Density: 1060 kg/m3\nViscosity: 2.35-4 mPa⋅s\nSurface Tension: 56 mN/m",""
"Bone","Non-Metal","0.793,0.793,0.664","0","","","1000","0.784","","Yarusskaya, A., Donina, K., Elert, G. (Ed.), ""Density of Bone"", The Physics Factbook, (Accessed: 2025-01-26)\nMeema, H. E., & Meema, S., (1978), ""Compact Bone Mineral Density of the Normal Human Radius"", Acta Radiologica: Oncology, Radiation, Physics, Biology, 17,(4), 342---352\nWikipedia contributors, ""Bone"", Wikipedia, The Free Encyclopedia, (Accessed: 2025-01-26)","skeleton","blob:https://physicallybased.info/bb8d9316-2018-43d5-ad64-980afa21bbb0","Density: 1000-2000 kg/m3","Relative Luminance: 0.784"
"Brass","Metal","0.910,0.778,0.423","1","0.995,0.974,0.747","0.952,0.979,1.021","8600","0.780","Brass is an alloy of copper and zinc, with a bright and gold-like appearance. It is similar to bronze, another alloy containing copper that uses tin instead of zinc. Historically, the distinction between the two alloys has been less consistent and clear, and modern practice in museums and archaeology increasingly avoids both terms for historical objects in favor of the more general ""copper alloy"".","Polyanskiy, M. N., ""Refractive index database"", (Accessed: 2025-01-26)\nPortsmouth, J., Kutz, P., & Hill, S., (2025), ""OpenPBR: Novel Features and Implementation Details"", (Accessed: 2025-12-30)\nWikipedia contributors, ""Brass"", Wikipedia, The Free Encyclopedia, (Accessed: 2025-01-26)\nWikipedia contributors, ""Density"", Wikipedia, The Free Encyclopedia, (Accessed: 2025-01-26)","","blob:https://physicallybased.info/ef7f930f-53d9-441b-bd2f-d22235fe495b","Density: 8600 kg/m3","Relative Luminance: 0.780"
"Brick","Non-Metal","0.262,0.095,0.061","0","","","500","0.128","","Palmqvist, A., ""Spectrophotometer Measurement"", Physically Based Database, (Accessed: 2025-01-26)\nWikipedia contributors, ""Brick"", Wikipedia, The Free Encyclopedia, (Accessed: 2025-01-26)\nWikipedia contributors, ""Absorption (acoustics)"", Wikipedia, The Free Encyclopedia, (Accessed: 2025-01-26)\nJCW Acoustic Supplies, ""Absorption coefficients of common building materials and finishes"", (Accessed: 2025-01-26)\nAcoustic Materials & Technologies Ltd., ""Absorption Coefficients"", (Accessed: 2025-01-26)","","blob:https://physicallybased.info/a6cab7df-4c8c-4058-8d75-208a13bc2460","Density: 500-2400 kg/m3","Relative Luminance: 0.128"
"Car Paint","Non-Metal","0.100,0.100,0.100","0","","","","0.100","Modern car paints are nearly always an acrylic polyurethane ""enamel"" with a pigmented basecoat and a clear topcoat. It may be described as ""acrylic"", ""acrylic enamel"", ""urethane"", etc. and the clearcoat in particular may be described as a lacquer. The size of the metal flakes in metallic paints is typically between 100 to 400 microns in diameter. Modern automobile paint is applied in several layers, with a total thickness of around 100 μm (0.1mm).","Wikipedia contributors, ""Automotive Paint"", Wikipedia, The Free Encyclopedia, (Accessed: 2025-01-26)\nWikipedia contributors, ""Acrylic Lacquers"", Wikipedia, The Free Encyclopedia, (Accessed: 2025-01-26)\nWittmann, B., Montmitonnet, P., Burr, A., Gauthier, C., Agassant, J-F. & Casoli, A., (2021), ""BRDF and gloss computation of polyurethane coatings from roughness measurements: Modelling and experimental validation"", Progress in Organic Coatings, 156,(0300-9440), 106247\nIwazumi, M., Schneider, A., (2011), ""High Refractive Index Aqueous Polyurethane Dispersion Coating Compositions"", SDC TECHNOLOGIES, INC.\nCande Shop, ""Metal Flake for Cars: History & 15 Things You Didn't Know"", (Accessed: 2025-01-26)\nUltimate Finish The Detailing Company, ""Understanding Modern Automotive Paintwork"", (Accessed: 2025-01-26)","acrylic, coat, car paint, lacquer","blob:https://physicallybased.info/0f2ae19e-d246-4607-bc4d-428b262fce23","","Relative Luminance: 0.100"
"Cardboard","Non-Metal","0.351,0.208,0.110","0","","","700","0.231","The material commonly referred to as ""cardboard"" is more specifically named ""corrugated fiberboard"".","Palmqvist, A., ""Spectrophotometer Measurement"", Physically Based Database, (Accessed: 2026-03-07)\nWikipedia contributors, ""Cardboard"", Wikipedia, The Free Encyclopedia, (Accessed: 2026-03-07)\nWikipedia contributors, ""Corrugated Fiberboard"", Wikipedia, The Free Encyclopedia, (Accessed: 2026-03-07)\n""Solids - Densities "", The Engineering ToolBox, (Accessed: 2026-03-07)","corrugated fiberboard","blob:https://physicallybased.info/3c8b1b10-c7cc-423b-ad47-01e9dafaaac7","Density: 700 kg/m3","Relative Luminance: 0.231"
"Carrot","Non-Metal","0.713,0.170,0.026","0","","","","0.275","","Jakubiec, J. A., ""Spectral Materials Database"", (Accessed: 2025-01-26)","","blob:https://physicallybased.info/c954b77c-073d-42d8-a96f-950a22928a7c","","Relative Luminance: 0.275"
"Cesium","Metal","0.718,0.554,0.237","1","0.997,1.002,1.073","1.087,1.180,1.440","1886","0.566","","Polyanskiy, M. N., ""Refractive index database"", (Accessed: 2025-06-25)\nPortsmouth, J., Kutz, P., & Hill, S., (2025), ""OpenPBR: Novel Features and Implementation Details"", (Accessed: 2025-12-30)\nWikipedia contributors, ""Caesium"", Wikipedia, The Free Encyclopedia, (Accessed: 2025-06-25)","caesium","blob:https://physicallybased.info/4f2214c6-819d-4c80-a4c1-8b5854253f83","Density: 1886 kg/m3","Relative Luminance: 0.566"
"Charcoal","Non-Metal","0.020,0.020,0.020","0","","","200","0.020","","Lagarde, S., ""Feeding a Physically Based Shading Model"", (Accessed: 2025-01-26)\nBrejon, C., ""Albedo And Pointer's Gamut"", (Accessed: 2025-01-26)\nUkrainian Biofuel Suppliers, ""Physical properties of charcoal"", (Accessed: 2025-01-26)\nWikipedia contributors, ""Activated Carbon"", Wikipedia, The Free Encyclopedia, (Accessed: 2025-01-26)","","blob:https://physicallybased.info/8151ad8f-9ea8-431c-95da-fa6e502c9afe","Density: 200-500 kg/m3","Relative Luminance: 0.020"
"Chocolate","Non-Metal","0.162,0.091,0.060","0","","","1229","0.104","","Palmqvist, A., ""Spectrophotometer Measurement"", Physically Based Database, (Accessed: 2025-01-26)\nWikipedia contributors, ""Chocolate (color)"", Wikipedia, The Free Encyclopedia, (Accessed: 2025-01-26)\nBanks, H., (2012), ""The Density of Chocolate"", H&D Fitzgerald Ltd","sss","blob:https://physicallybased.info/0969f804-8128-45cd-a83f-72ba3cdd86e8","Density: 1229-1336 kg/m3","Relative Luminance: 0.104"
"Chromium","Metal","0.654,0.685,0.701","1","0.591,0.675,0.703","0.688,0.728,0.798","7200","0.680","","Polyanskiy, M. N., ""Refractive index database"", (Accessed: 2025-01-26)\nPortsmouth, J., Kutz, P., & Hill, S., (2025), ""OpenPBR: Novel Features and Implementation Details"", (Accessed: 2025-12-30)\nWikipedia contributors, ""Density"", Wikipedia, The Free Encyclopedia, (Accessed: 2025-01-26)","chrome","blob:https://physicallybased.info/af9abf30-2a0c-4de7-b3ae-268deb42ab43","Density: 7200 kg/m3","Relative Luminance: 0.680"
"Cobalt","Metal","0.699,0.704,0.671","1","0.731,0.775,0.715","0.727,0.772,0.823","8900","0.701","","Polyanskiy, M. N., ""Refractive index database"", (Accessed: 2025-01-26)\nPortsmouth, J., Kutz, P., & Hill, S., (2025), ""OpenPBR: Novel Features and Implementation Details"", (Accessed: 2025-12-30)\nLagarde, S., ""Feeding a Physically Based Shading Model"", (Accessed: 2025-01-26)\nWikipedia contributors, ""Density"", Wikipedia, The Free Encyclopedia, (Accessed: 2025-01-26)","","blob:https://physicallybased.info/3f7a24b6-7e05-42ee-b2db-1ceb9bce10f3","Density: 8900 kg/m3","Relative Luminance: 0.701"
"Coffee","Non-Metal","","0","","","1020","","","Palmqvist, A., ""Photo Reference"", Physically Based Database, (Accessed: 2025-01-26)\nViani, R., & Illy, A., (2005), ""Espresso Coffee: The Science of Quality"", Elsevier, 292","sss","blob:https://physicallybased.info/14136017-2012-4925-a5d8-aa88475c6619","Density: 1020 kg/m3\nViscosity: 1.7 mPa⋅s",""
"Concrete","Non-Metal","0.510,0.510,0.510","0","","","2400","0.510","","Lagarde, S., ""Feeding a Physically Based Shading Model"", (Accessed: 2025-01-26)\nWikipedia contributors, ""Density"", Wikipedia, The Free Encyclopedia, (Accessed: 2025-01-26)\nWikipedia contributors, ""Absorption (acoustics)"", Wikipedia, The Free Encyclopedia, (Accessed: 2025-01-26)\nJCW Acoustic Supplies, ""Absorption coefficients of common building materials and finishes"", (Accessed: 2025-01-26)\nAcoustic Materials & Technologies Ltd., ""Absorption Coefficients"", (Accessed: 2025-01-26)","","blob:https://physicallybased.info/65cfc321-6597-4585-94f2-156c9a29c17d","Density: 2400 kg/m3","Relative Luminance: 0.510"
"Cooking Oil","Non-Metal","","0","","","920","","","Ting Ting, L., Elert, G. (Ed.), ""Index of Refraction of Vegetable Oil"", The Physics Factbook, (Accessed: 2025-01-26)\nWikipedia contributors, ""List of Refractive Indices"", Wikipedia, The Free Encyclopedia, (Accessed: 2025-01-26)\nWikipedia contributors, ""Density"", Wikipedia, The Free Encyclopedia, (Accessed: 2025-01-26)\nWikipedia contributors, ""List of Viscosities"", Wikipedia, The Free Encyclopedia, (Accessed: 2025-01-26)\nDiamante, M. L. & Tianying, L., (2014), ""Absolute Viscosities of Vegetable Oils at Different Temperatures and Shear Rate Range of 64.5 to 4835 s-1"", Journal of Food Processing, 2014,(1), 234583\nRealFlow 10 Documentation, ""Hybrido Viscosity Table"", Next Limit Technologies, (Accessed: 2025-01-26)\nSahasrabudhe, S. N., Rodriguez-Martinez, V., O'Meara, Meghan., & Farkas, B. E., (2017), ""Density, Viscosity, And Surface Tension Of Five Vegetable Oils At Elevated Temperatures: Measurement And Modeling"", International Journal of Food Properties, 20,(sup2), 1965---1981","","blob:https://physicallybased.info/56921934-2603-428a-99c9-d9d33b590b80","Density: 920 kg/m3\nViscosity: 46 mPa⋅s\nSurface Tension: 31 mN/m",""
"Copper","Metal","0.932,0.623,0.522","1","0.999,0.900,0.744","0.982,0.947,0.945","8940","0.681","","Polyanskiy, M. N., ""Refractive index database"", (Accessed: 2025-01-26)\nPortsmouth, J., Kutz, P., & Hill, S., (2025), ""OpenPBR: Novel Features and Implementation Details"", (Accessed: 2025-12-30)\nWikipedia contributors, ""Density"", Wikipedia, The Free Encyclopedia, (Accessed: 2025-01-26)","","blob:https://physicallybased.info/fbd0ba4d-08ef-44eb-8017-99730d78d745","Density: 8940 kg/m3","Relative Luminance: 0.681"
"Diamond","Non-Metal","","0","","","3500","","","Polyanskiy, M. N., ""Refractive index database"", (Accessed: 2025-01-26)\nPolyanskiy, M. N., ""Refractive index database"", (Accessed: 2025-01-26)\nWikipedia contributors, ""Density"", Wikipedia, The Free Encyclopedia, (Accessed: 2025-01-26)","gem, gemstone","blob:https://physicallybased.info/9008845f-b651-4323-8882-832389ed5ac1","Density: 3500 kg/m3",""
"Egg Shell (Brown)","Non-Metal","0.493,0.248,0.123","0","","","","0.291","Brown hen egg from grocery store.","Palmqvist, A., ""Spectrophotometer Measurement"", Physically Based Database, (Accessed: 2026-03-07)\nWikipedia contributors, ""Eggs as Food"", Wikipedia, The Free Encyclopedia, (Accessed: 2025-01-26)","","blob:https://physicallybased.info/1b542ca2-e7a5-45c1-bdd3-941b805bc990","","Relative Luminance: 0.291"
"Egg Shell (White)","Non-Metal","0.610,0.624,0.631","0","","","","0.622","White hen egg from grocery store.","Palmqvist, A., ""Spectrophotometer Measurement"", Physically Based Database, (Accessed: 2025-01-26)\nWikipedia contributors, ""Eggs as Food"", Wikipedia, The Free Encyclopedia, (Accessed: 2025-01-26)","","blob:https://physicallybased.info/7e165c76-4e27-4dc3-a386-e7627930cf10","","Relative Luminance: 0.622"
"Eye (Cornea)","Non-Metal","","0","","","","","","Wikipedia contributors, ""Cornea"", Wikipedia, The Free Encyclopedia, (Accessed: 2025-01-26)\nPatel, S., Tutchenko, L., (2019), ""The refractive index of the human cornea: A review"", Contact Lens and Anterior Eye, 42,(5), 575---580","","blob:https://physicallybased.info/68e5c799-9b41-4a3c-9ad4-7c1a237758cd","",""
"Eye (Lens)","Non-Metal","","0","","","","","The refractive index of human lens varies from approximately 1.406 in the central layers down to 1.386 in less dense layers of the lens. This index gradient enhances the optical power of the lens.","Wikipedia contributors, ""Lens (vertebrate anatomy)"", Wikipedia, The Free Encyclopedia, (Accessed: 2025-01-26)\nPierscionek, K. B., (1994), ""Refractive Index of the Human Lens Surface Measured with an Optic Fibre Sensor"", Ophthalmic Research, 26,(1), 32---35","","blob:https://physicallybased.info/c8184012-b85c-47ec-accc-064ee08e1f5c","",""
"Eye (Sclera)","Non-Metal","0.652,0.500,0.394","0","","","1020","0.525","","Bashkatov, A. N., Genina, E. A., Kochubey, V. I. & Tuchin, V. V., (2010), ""Optical properties of human sclera in spectral range 370-2500 nm"", Optics and Spectroscopy, 109,(2), 197---204\nJimenez, J., ""Next Generation Character Rendering"", (Accessed: 2025-01-26)\n""The Wikihuman Project"", USC Institute for Creative Technologies, (Accessed: 2025-07-13)\n""Louise - A virtual Model Digital Double"", Eisko, (Accessed: 2025-07-14)","","blob:https://physicallybased.info/28b632bc-e8d7-461e-8d41-d9009153b41a","Density: 1020 kg/m3","Relative Luminance: 0.525"
"Gasoline","Non-Metal","","0","","","770","","","Wikipedia contributors, ""Gasoline"", Wikipedia, The Free Encyclopedia, (Accessed: 2025-01-26)\nButcher, A. J., Aleiferis, P. G. & Richardson, D., (2013), ""Development of a real-size optical injector nozzle for studies of cavitation, spray formation and flash-boiling at conditions relevant to direct-injection spark-ignition engines"", International Journal of Engine Research, 14,(6), 557---577\n""Fuels - Densities and Specific Volumes"", The Engineering ToolBox, (Accessed: 2025-01-26)\nNave, R. C., ""Viscosity of Liquids and Gases"", HyperPhysics, (Accessed: 2025-01-26)","petrol, fuel","blob:https://physicallybased.info/02921dd5-43b4-46d9-af8a-320ec963ccff","Density: 770 kg/m3\nViscosity: 0.6 mPa⋅s",""
"Germanium","Metal","0.500,0.517,0.465","1","0.068,0.179,0.002","0.620,0.653,0.701","5327","0.510","","Polyanskiy, M. N., ""Refractive index database"", (Accessed: 2025-06-29)\nPortsmouth, J., Kutz, P., & Hill, S., (2025), ""OpenPBR: Novel Features and Implementation Details"", (Accessed: 2025-12-30)\nWikipedia contributors, ""Germanium"", Wikipedia, The Free Encyclopedia, (Accessed: 2025-06-29)","","blob:https://physicallybased.info/eaf98fd9-75fa-4f83-903b-2caa419a72f0","Density: 5327 kg/m3","Relative Luminance: 0.510"
"Glass","Non-Metal","","0","","","2500","","","Polyanskiy, M. N., ""Refractive index database"", (Accessed: 2025-01-26)\nWikipedia contributors, ""Soda-lime Glass"", Wikipedia, The Free Encyclopedia, (Accessed: 2025-01-26)\nWikipedia contributors, ""Density"", Wikipedia, The Free Encyclopedia, (Accessed: 2025-01-26)\nJCW Acoustic Supplies, ""Absorption coefficients of common building materials and finishes"", (Accessed: 2025-01-26)\nAcoustic Materials & Technologies Ltd., ""Absorption Coefficients"", (Accessed: 2025-01-26)","","blob:https://physicallybased.info/ab49e91a-e834-4521-b664-cef7a5e1b5c9","Density: 2500 kg/m3",""
"Gold","Metal","1.059,0.773,0.307","1","1.001,0.985,0.523","0.971,1.018,0.994","19320","0.800","","Polyanskiy, M. N., ""Refractive index database"", (Accessed: 2025-06-26)\nPortsmouth, J., Kutz, P., & Hill, S., (2025), ""OpenPBR: Novel Features and Implementation Details"", (Accessed: 2025-12-30)\nWikipedia contributors, ""Density"", Wikipedia, The Free Encyclopedia, (Accessed: 2025-01-26)","","blob:https://physicallybased.info/1c5b7b70-48b2-4767-a30b-c153788f2991","Density: 19320 kg/m3","Relative Luminance: 0.800"
"Grass","Non-Metal","0.105,0.133,0.041","0","","","","0.120","","Jakubiec, J. A., ""Spectral Materials Database"", (Accessed: 2026-02-10)\nJakubiec, J. A., ""Spectral Materials Database"", (Accessed: 2026-02-10)\nLuo, M. R., (2024), ""The New Preferred Memory Color (PMC) Chart"", Color Research & Application, 49,(6), 564---576","","blob:https://physicallybased.info/20a39b6d-d57e-4ed1-9466-6a241dabd1fc","","Relative Luminance: 0.120"
"Gray Card","Non-Metal","0.180,0.180,0.180","0","","","","0.180","In photography and computer graphics, middle gray is a tone that is perceptually about halfway between black and white on a lightness scale. Light meters and cameras are often calibrated using an 18% gray card or a color reference card such as a ColorChecker. It is typically defined as 18% reflectance in visible light.","Wikipedia contributors, ""Gray Card"", Wikipedia, The Free Encyclopedia, (Accessed: 2025-05-17)\n""New Color Specifications for ColorChecker SG and Classic Charts"", X-Rite, Inc., (Accessed: 2025-05-17)\n""The Colorchecker Pages"", The BabelColor Company, (Accessed: 2025-05-17)\nColour Developers, ""Colour Rendition Chart"", (Accessed: 2025-05-17)","grey, middle gray","blob:https://physicallybased.info/4165498e-3a62-4699-812d-4ba7fd813526","","Relative Luminance: 0.180"
"Honey (Liquid)","Non-Metal","","0","","","1380","","Variations in its water content alter its refractive index. Typically, the refractive index for honey ranges from 1.504 at 13% water content to 1.474 at 25%. Fresh honey is liquid and clear but with time it crystallizes and becomes thicker and less clear. The crystallization depends on temperature and the ratio of glucose and fructose.","Wikipedia contributors, ""Honey"", Wikipedia, The Free Encyclopedia, (Accessed: 2025-01-26)\nWikipedia contributors, ""List of Viscosities"", Wikipedia, The Free Encyclopedia, (Accessed: 2025-01-26)\n""The Color of Honey"", Carolina Honeybees, (Accessed: 2025-01-26)\nTomasik, P. (Ed.), (2003), ""Chemical and Functional Properties of Food Saccharides"", CRC Press, 74\n""Viscosity of Flower Honey (Blended)"", Anton Paar GmbH, (Accessed: 2025-01-26)\nRealFlow 10 Documentation, ""Hybrido Viscosity Table"", Next Limit Technologies, (Accessed: 2025-01-26)\n""Viscosity - Absolute (Dynamic) vs. Kinematic "", The Engineering ToolBox, (Accessed: 2025-01-26)","","blob:https://physicallybased.info/324c7edb-1d60-4d6b-b4c1-78dacd26a8b0","Density: 1380-1450 kg/m3\nViscosity: 2000-15000 mPa⋅s",""
"Honey (Crystallized)","Non-Metal","0.449,0.319,0.011","0","","","1380","0.324","Variations in its water content alter its refractive index. Typically, the refractive index for honey ranges from 1.504 at 13% water content to 1.474 at 25%. Fresh honey is liquid and clear but with time it crystallizes and becomes thicker and less clear. The crystallization depends on temperature and the ratio of glucose and fructose.","Wikipedia contributors, ""Honey"", Wikipedia, The Free Encyclopedia, (Accessed: 2025-01-26)\nWikipedia contributors, ""List of Viscosities"", Wikipedia, The Free Encyclopedia, (Accessed: 2025-01-26)\n""The Color of Honey"", Carolina Honeybees, (Accessed: 2025-01-26)\nTomasik, P. (Ed.), (2003), ""Chemical and Functional Properties of Food Saccharides"", CRC Press, 74\n""Viscosity of Flower Honey (Blended)"", Anton Paar GmbH, (Accessed: 2025-01-26)\nRealFlow 10 Documentation, ""Hybrido Viscosity Table"", Next Limit Technologies, (Accessed: 2025-01-26)\n""Viscosity - Absolute (Dynamic) vs. Kinematic "", The Engineering ToolBox, (Accessed: 2025-01-26)","","blob:https://physicallybased.info/5c4cfe73-9869-4740-925f-25e81c82391f","Density: 1380-1450 kg/m3\nViscosity: 2000-15000 mPa⋅s","Relative Luminance: 0.324"
"Ice","Non-Metal","","0","","","917","","","Polyanskiy, M. N., ""Refractive index database"", (Accessed: 2025-01-26)\nPolyanskiy, M. N., ""Refractive index database"", (Accessed: 2025-01-26)\nWikipedia contributors, ""Density"", Wikipedia, The Free Encyclopedia, (Accessed: 2025-01-26)\nWikipedia contributors, ""Optical Properties of Water and Ice"", Wikipedia, The Free Encyclopedia, (Accessed: 2025-01-26)","ice","blob:https://physicallybased.info/c5476f37-e91c-467e-93bd-2a6973caf65c","Density: 917 kg/m3",""
"Iridium","Metal","0.745,0.734,0.704","1","0.818,0.810,0.727","0.759,0.781,0.810","22562","0.734","","Polyanskiy, M. N., ""Refractive index database"", (Accessed: 2025-06-29)\nPortsmouth, J., Kutz, P., & Hill, S., (2025), ""OpenPBR: Novel Features and Implementation Details"", (Accessed: 2025-12-30)\nWikipedia contributors, ""Iridium"", Wikipedia, The Free Encyclopedia, (Accessed: 2025-06-29)\nWikipedia contributors, ""Density"", Wikipedia, The Free Encyclopedia, (Accessed: 2025-01-26)","","blob:https://physicallybased.info/e0a2a017-1e9f-4b18-b2cb-f74b9ff110fa","Density: 22562 kg/m3","Relative Luminance: 0.734"
"Iron","Metal","0.530,0.513,0.494","1","0.612,0.541,0.422","0.765,0.767,0.802","7870","0.515","","Polyanskiy, M. N., ""Refractive index database"", (Accessed: 2025-01-26)\nPortsmouth, J., Kutz, P., & Hill, S., (2025), ""OpenPBR: Novel Features and Implementation Details"", (Accessed: 2025-12-30)\nWikipedia contributors, ""Density"", Wikipedia, The Free Encyclopedia, (Accessed: 2025-01-26)","","blob:https://physicallybased.info/d09cf33a-0335-418f-8706-3663ade11d09","Density: 7870 kg/m3","Relative Luminance: 0.515"
"Ketchup","Non-Metal","0.164,0.006,0.002","0","","","1055","0.039","","Jensen, H. W., Marschner, S. R., Levoy, M. & Hanrahan, P., (2001), ""A Practical Model for Subsurface Light Transport"", Proceedings of the 28th Annual Conference on Computer Graphics and Interactive Techniques, 515\nKumbár, V., Ondrušíková, S., Nedomová, Š., (2019), ""Rheological Properties of Tomato Ketchup"", Potravinarstvo Slovak Journal of Food Sciences, 13,(1), 730---734\nWikipedia contributors, ""List of Viscosities"", Wikipedia, The Free Encyclopedia, (Accessed: 2025-01-26)\nRealFlow 10 Documentation, ""Hybrido Viscosity Table"", Next Limit Technologies, (Accessed: 2025-01-26)","liquid, sss","blob:https://physicallybased.info/a694da92-0327-434a-991a-fdb640364320","Density: 1055-1165 kg/m3\nViscosity: 10000-20000 mPa⋅s","Relative Luminance: 0.039"
"Lead","Metal","0.626,0.640,0.693","1","0.717,0.717,0.696","0.758,0.773,0.799","11340","0.641","","Polyanskiy, M. N., ""Refractive index database"", (Accessed: 2025-06-26)\nPortsmouth, J., Kutz, P., & Hill, S., (2025), ""OpenPBR: Novel Features and Implementation Details"", (Accessed: 2025-12-30)\nWikipedia contributors, ""Density"", Wikipedia, The Free Encyclopedia, (Accessed: 2025-01-26)","","blob:https://physicallybased.info/d62b0354-59f6-4cc2-9650-0abc2984043a","Density: 11340 kg/m3","Relative Luminance: 0.641"
"Lemon","Non-Metal","0.617,0.366,0.045","0","","","","0.396","","Jakubiec, J. A., ""Spectral Materials Database"", (Accessed: 2025-01-25)\nPalmqvist, A., ""Spectrophotometer Measurement"", Physically Based Database, (Accessed: 2025-12-15)","","blob:https://physicallybased.info/05b797ec-4a40-4178-af77-8d1df093c3f1","","Relative Luminance: 0.396"
"Lithium","Metal","0.916,0.890,0.807","1","0.998,0.995,0.975","0.985,0.998,1.027","535","0.890","","Polyanskiy, M. N., ""Refractive index database"", (Accessed: 2025-06-29)\nPortsmouth, J., Kutz, P., & Hill, S., (2025), ""OpenPBR: Novel Features and Implementation Details"", (Accessed: 2025-12-30)\nWikipedia contributors, ""Lithium"", Wikipedia, The Free Encyclopedia, (Accessed: 2025-06-29)\nWikipedia contributors, ""Density"", Wikipedia, The Free Encyclopedia, (Accessed: 2025-01-26)","","blob:https://physicallybased.info/9b8cca26-8d78-401e-b525-0e3960b0bd82","Density: 535 kg/m3","Relative Luminance: 0.890"
"Magnesium","Metal","0.956,0.953,0.950","1","0.998,0.996,0.983","0.954,0.964,0.977","1737","0.953","","Polyanskiy, M. N., ""Refractive index database"", (Accessed: 2025-06-29)\nPortsmouth, J., Kutz, P., & Hill, S., (2025), ""OpenPBR: Novel Features and Implementation Details"", (Accessed: 2025-12-30)\nWikipedia contributors, ""Magnesium"", Wikipedia, The Free Encyclopedia, (Accessed: 2025-06-29)\nWikipedia contributors, ""Density"", Wikipedia, The Free Encyclopedia, (Accessed: 2025-01-26)","","blob:https://physicallybased.info/438f5abd-e709-4797-8991-ff1e1f20b6bc","Density: 1737 kg/m3","Relative Luminance: 0.953"
"Manganese","Metal","0.606,0.592,0.573","1","0.757,0.761,0.715","0.796,0.834,0.889","7476","0.594","","Polyanskiy, M. N., ""Refractive index database"", (Accessed: 2025-06-29)\nPortsmouth, J., Kutz, P., & Hill, S., (2025), ""OpenPBR: Novel Features and Implementation Details"", (Accessed: 2025-12-30)\nWikipedia contributors, ""Manganese"", Wikipedia, The Free Encyclopedia, (Accessed: 2025-06-29)","","blob:https://physicallybased.info/5e00c9b7-5791-4aac-890c-accc97900bd4","Density: 7476 kg/m3","Relative Luminance: 0.594"
"Marble","Non-Metal","0.830,0.791,0.753","0","","","2700","0.797","","Jensen, H. W., Marschner, S. R., Levoy, M. & Hanrahan, P., (2001), ""A Practical Model for Subsurface Light Transport"", Proceedings of the 28th Annual Conference on Computer Graphics and Interactive Techniques, 515\nWikipedia contributors, ""Marble"", Wikipedia, The Free Encyclopedia, (Accessed: 2025-01-26)\n""Minerals - Densities "", The Engineering ToolBox, (Accessed: 2025-01-26)\nWahab, G. M. A., Gouda, M. & Ibrahim, G., (2019), ""Study of physical and mechanical properties for some of Eastern Desert dimension marble and granite utilized in building decoration"", Ain Shams Engineering Journal, 10,(4), 907---915","sss","blob:https://physicallybased.info/8c934817-43dd-40fa-bded-c0fc1b1026f2","Density: 2700 kg/m3","Relative Luminance: 0.797"
"Mercury","Metal","0.781,0.780,0.778","1","0.901,0.910,0.890","0.813,0.852,0.902","13546","0.780","Mercury is the only metallic element that is known to be liquid at standard conditions.","Polyanskiy, M. N., ""Refractive index database"", (Accessed: 2025-01-26)\nPortsmouth, J., Kutz, P., & Hill, S., (2025), ""OpenPBR: Novel Features and Implementation Details"", (Accessed: 2025-12-30)\nWikipedia contributors, ""Density"", Wikipedia, The Free Encyclopedia, (Accessed: 2025-01-26)\nWikipedia contributors, ""List of Viscosities"", Wikipedia, The Free Encyclopedia, (Accessed: 2025-01-26)\nWikipedia contributors, ""Surface tension"", Wikipedia, The Free Encyclopedia, (Accessed: 2025-08-30)\n""Liquids - Dynamic Viscosities"", The Engineering ToolBox, (Accessed: 2025-01-26)","liquid","blob:https://physicallybased.info/d6150aaf-b6ad-47ff-9d84-2da994f67c83","Density: 13546 kg/m3\nViscosity: 1.552 mPa⋅s\nSurface Tension: 487 mN/m","Relative Luminance: 0.780"
"Milk","Non-Metal","0.815,0.813,0.682","0","","","1026","0.804","Cow's milk","Jensen, H. W., Marschner, S. R., Levoy, M. & Hanrahan, P., (2001), ""A Practical Model for Subsurface Light Transport"", Proceedings of the 28th Annual Conference on Computer Graphics and Interactive Techniques, 515\nMilovanovic, B., Djekic, I., Miocinovic, J., Djordjevic, V., Lorenzo, J. M., Barba, F. J., Mörlein, D. & Tomasevic, I., (2020), ""What Is the Color of Milk and Dairy Products and How Is It Measured?"", Foods, 9,(11), 1629\nJääskeläinen, A.J., Peiponen, K.-E. & Räty, J. A., (2001), ""On Reflectometric Measurement of a Refractive Index of Milk"", Journal of Dairy Science, 84,(1), 42\nGoff, D. H., Hill, A. & Ferrer, M. A., ""Dairy Science and Technology eBook"", University of Guelph, (Accessed: 2025-02-02)\nJones, A. N., Elert, G. (Ed.), ""Density of Milk"", The Physics Factbook, (Accessed: 2025-02-02)\nRealFlow 10 Documentation, ""Hybrido Viscosity Table"", Next Limit Technologies, (Accessed: 2025-01-26)\nWikipedia contributors, ""List of Viscosities"", Wikipedia, The Free Encyclopedia, (Accessed: 2025-01-26)\nWhitnah, C.H., (1959), ""The Surface Tension of Milk. A Review1, 2"", Journal of Dairy Science, 42,(9), 1437---1449","sss","blob:https://physicallybased.info/753a7ca5-d1d6-435c-a733-2499a1bd4b0a","Density: 1026-1035 kg/m3\nViscosity: 2 mPa⋅s\nSurface Tension: 48 mN/m","Relative Luminance: 0.804"
"MIT Black","Non-Metal","0.000,0.000,0.000","0","","","","0.000","","""MIT engineers develop ""blackest black"" material to date"", MIT News Office, (Accessed: 2025-02-02)","","blob:https://physicallybased.info/9b7c8f06-b461-41d8-94fd-279af7d4f4e6","","Relative Luminance: 0.000"
"Molybdenum","Metal","0.589,0.612,0.594","1","0.495,0.505,0.383","0.683,0.696,0.726","10223","0.606","","Polyanskiy, M. N., ""Refractive index database"", (Accessed: 2025-06-29)\nPortsmouth, J., Kutz, P., & Hill, S., (2025), ""OpenPBR: Novel Features and Implementation Details"", (Accessed: 2025-12-30)\nWikipedia contributors, ""Molybdenum"", Wikipedia, The Free Encyclopedia, (Accessed: 2025-06-29)","","blob:https://physicallybased.info/7b90c460-c933-4a9c-acea-ad5fc9ad9841","Density: 10223 kg/m3","Relative Luminance: 0.606"
"Musou Black","Non-Metal","0.006,0.006,0.006","0","","","","0.006","Musou Black is one of the darkest paints available. Darker materials can be achieved by using carbon nanotube technology, such as the ""MIT Black"" material.","Palmqvist, A., ""Spectrophotometer Measurement"", Physically Based Database, (Accessed: 2025-01-26)\n""Product Specifications"", Musou Black, (Accessed: 2025-02-03)","","blob:https://physicallybased.info/4bdedd81-edbf-4f16-9b07-012b0f02e0aa","","Relative Luminance: 0.006"
"Nickel","Metal","0.697,0.641,0.563","1","0.855,0.805,0.675","0.815,0.834,0.871","8900","0.647","","Polyanskiy, M. N., ""Refractive index database"", (Accessed: 2025-06-26)\nPortsmouth, J., Kutz, P., & Hill, S., (2025), ""OpenPBR: Novel Features and Implementation Details"", (Accessed: 2025-12-30)\nWikipedia contributors, ""Density"", Wikipedia, The Free Encyclopedia, (Accessed: 2025-01-26)","","blob:https://physicallybased.info/16452ad4-3685-4d2a-b6b9-c6db5a9dc3e9","Density: 8900 kg/m3","Relative Luminance: 0.647"
"Office Paper","Non-Metal","0.794,0.834,0.884","0","","","800","0.829","Office paper contains optical brightening additives that absorb light in the ultraviolet and violet region (usually 340-370 nm), and re-emit light in the blue region (typically 420-470 nm) by fluorescence.","Palmqvist, A., ""Spectrophotometer Measurement"", Physically Based Database, (Accessed: 2025-01-26)\nWikipedia contributors, ""Paper"", Wikipedia, The Free Encyclopedia, (Accessed: 2025-01-26)\nWikipedia contributors, ""Optical Brightener"", Wikipedia, The Free Encyclopedia, (Accessed: 2025-01-26)","","blob:https://physicallybased.info/e8956c34-9cdd-49d4-a8f1-1b1f06679803","Density: 800 kg/m3","Relative Luminance: 0.829"
"Orange","Non-Metal","0.615,0.205,0.010","0","","","","0.278","","Palmqvist, A., ""Spectrophotometer Measurement"", Physically Based Database, (Accessed: 2026-03-07)","","blob:https://physicallybased.info/721ce6b7-8de5-4755-af90-4131a988c0a1","","Relative Luminance: 0.278"
"Palladium","Metal","0.734,0.704,0.662","1","0.874,0.854,0.779","0.811,0.836,0.872","12007","0.707","","Polyanskiy, M. N., ""Refractive index database"", (Accessed: 2025-06-30)\nPortsmouth, J., Kutz, P., & Hill, S., (2025), ""OpenPBR: Novel Features and Implementation Details"", (Accessed: 2025-12-30)\nWikipedia contributors, ""Palladium"", Wikipedia, The Free Encyclopedia, (Accessed: 2025-06-30)","","blob:https://physicallybased.info/a87e3c50-db5f-424b-8227-6adce7c971a0","Density: 12007 kg/m3","Relative Luminance: 0.707"
"Pearl","Non-Metal","0.800,0.750,0.700","0","","","2700","0.757","The akoya pearl is a saltwater cultured pearl from the akoya oyster. Akoya are considered to be the classic pearl used for necklaces and other pearl jewelry. Nacre is the material of which pearls are composed and consists of aragonite crystal layers separated by conchiolin, a protein secreted by mollusk shells. The thickness of these layers determines the color of reflection from the nacre. The transmission interference color is complementary to the reflection interference color.","Ozaki, R., Kikumoto, K., Takagaki, M., Kadowaki, K., & Odawara, K., (2021), ""Structural colors of pearls"", Scientific Reports, 11,(1)\nGuillén, I., Marco, J., Gutierrez, D., Jakob, W., & Jarabo, A., (2020), ""A general framework for pearlescent materials"", ACM Transactions on Graphics (TOG), 39,(6), 1---15\nArem, J. E., Clark, D., & Smigel, B., ""Pearl Value, Price, and Jewelry Information"", International Gem Society, (Accessed: 2025-02-04)\nPolyanskiy, M. N., ""Refractive index database"", (Accessed: 2025-01-26)\nWikipedia contributors, ""Nacre"", Wikipedia, The Free Encyclopedia, (Accessed: 2025-02-04)","nacre, sss","blob:https://physicallybased.info/f10d95d2-a04e-4234-8a37-f3211adc36ac","Density: 2700 kg/m3","Relative Luminance: 0.757"
"Petroleum","Non-Metal","0.030,0.027,0.024","0","","","870","0.027","The viscosity of crude oil is sensitive to temperature.","Wikipedia contributors, ""Petroleum"", Wikipedia, The Free Encyclopedia, (Accessed: 2025-02-04)\nWikipedia contributors, ""API Gravity"", Wikipedia, The Free Encyclopedia, (Accessed: 2025-02-04)\nLam-Maldonado, M., Aranda-Jiménez, Y. G., Arvizu-Sanchez, E., Melo-Banda, J. A., Díaz-Zavala, N. P., Pérez-Sánchez, J. F., & Suarez-Dominguez, E. J., (2023), ""Extra Heavy Crude Oil Viscosity and Surface Tension Behavior Using a Flow Enhancer and Water at Different Temperatures Conditions"", Heliyon, 9,(2)\nQingzhi, L., Yinmo, X., Min, W., Chengan, W., Kewei, S., & Jianyu, T., (2020), ""The complex refractive index of crude oils determined by the combined Brewster-transmission method"", Infrared Physics & Technology, 111, 103515\nChen, W., Huaguo, Z., Qing, X., Wenting, C., Juan, W., Dongling, L., & Xiulin, L., (2022), ""Inversion of the refractive index of marine spilled oil using multi-angle sun glitter images acquired by the ASTER sensor"", Remote Sensing of Environment, 275, 113019\n""Viscosity of Crude Oil"", Anton Paar GmbH, (Accessed: 2025-01-26)\nBusahmin, B., & Maini, B.B., (2019), ""Measurements of Surface Tension for Mineral and Crude Oil Systems"", Defect and Diffusion Forum, 391, 106---113","oil, crude oil, sss","blob:https://physicallybased.info/f5a65792-3d8e-4b34-973e-42c003dd1aa0","Density: 870-1000 kg/m3\nViscosity: 100-1000 mPa⋅s\nSurface Tension: 21 mN/m","Relative Luminance: 0.027"
"Plastic (Acrylic)","Non-Metal","","0","","","1180","","","Wikipedia contributors, ""Poly(methyl Methacrylate)"", Wikipedia, The Free Encyclopedia, (Accessed: 2025-02-05)\nPolyanskiy, M. N., ""Refractive index database"", (Accessed: 2025-02-05)","PMMA, plexi, polymethyl methacrylate","blob:https://physicallybased.info/b9200a85-2596-4ece-9ac0-a268f5bde64f","Density: 1180 kg/m3",""
"Plastic (PC)","Non-Metal","","0","","","1200","","","Wikipedia contributors, ""Polycarbonate"", Wikipedia, The Free Encyclopedia, (Accessed: 2025-02-05)\nPolyanskiy, M. N., ""Refractive index database"", (Accessed: 2025-02-05)","polycarbonate","blob:https://physicallybased.info/875f2365-7134-4ba2-a30f-f6c63add9fef","Density: 1200 kg/m3",""
"Plastic (PET)","Non-Metal","","0","","","1380","","","Wikipedia contributors, ""Polyethylene Terephthalate"", Wikipedia, The Free Encyclopedia, (Accessed: 2025-02-05)\nPolyanskiy, M. N., ""Refractive index database"", (Accessed: 2025-02-05)","polyethylene terephthalate","blob:https://physicallybased.info/c59df31b-2efa-4675-b33d-0d991ea535f1","Density: 1380 kg/m3",""
"Plastic (PP)","Non-Metal","","0","","","855","","","Wikipedia contributors, ""Polypropylene"", Wikipedia, The Free Encyclopedia, (Accessed: 2025-02-05)\nFlores-Mijangos, J., & Beltrán-López, V., (2003), ""Far-Infrared Laser Measurement of the Refractive Index of Polypropylene"", Applied Optics, 42,(3), 592---596","polypropylene","blob:https://physicallybased.info/c88d4ec2-03e7-4b64-bc9e-ed060e57e30d","Density: 855-946 kg/m3",""
"Plastic (PUR)","Non-Metal","","0","","","","","Modern car paints are nearly always an acrylic polyurethane ""enamel"" with a pigmented basecoat and a clear topcoat. It may be described as ""acrylic"", ""acrylic enamel"", ""urethane"", etc. and the clearcoat in particular may be described as a lacquer.","Wikipedia contributors, ""Automotive Paint"", Wikipedia, The Free Encyclopedia, (Accessed: 2025-01-25)\nWikipedia contributors, ""Lacquer"", Wikipedia, The Free Encyclopedia, (Accessed: 2025-01-25)\nWittmann, B., Montmitonnet, P., Burr, A., Gauthier, C., Agassant, J-F, & Casoli, A., (2021), ""Brdf and Gloss Computation of Polyurethane Coatings from Roughness Measurements: Modelling and Experimental Validation"", Progress in Organic Coatings, 156,(106247)\nIwazumi, M., Schneider, A., (2011), ""High Refractive Index Aqueous Polyurethane Dispersion Coating Compositions"", SDC TECHNOLOGIES, INC.","acrylic, coat, car paint, lacquer, polyurethane","blob:https://physicallybased.info/c1759dc6-9985-4e44-bbbf-c560431354dc","",""
"Plastic (PVC)","Non-Metal","","0","","","1100","","","Wikipedia contributors, ""Polyvinyl Chloride"", Wikipedia, The Free Encyclopedia, (Accessed: 2026-01-09)\nPolyanskiy, M. N., ""Refractive index database"", (Accessed: 2025-02-05)","polyvinyl chloride","blob:https://physicallybased.info/1904025b-c89c-41f1-b3be-d4a834f7c267","Density: 1100-1450 kg/m3",""
"Platinum","Metal","0.765,0.730,0.676","1","0.873,0.850,0.747","0.793,0.815,0.840","21450","0.734","","Polyanskiy, M. N., ""Refractive index database"", (Accessed: 2025-06-26)\nPortsmouth, J., Kutz, P., & Hill, S., (2025), ""OpenPBR: Novel Features and Implementation Details"", (Accessed: 2025-12-30)\nWikipedia contributors, ""Density"", Wikipedia, The Free Encyclopedia, (Accessed: 2025-01-25)","","blob:https://physicallybased.info/04e198c9-7438-45b0-8314-6b39a35529a8","Density: 21450 kg/m3","Relative Luminance: 0.734"
"Polystyrene (Foam)","Non-Metal","0.839,0.838,0.841","0","","","50","0.839","","Jakubiec, J. A., ""Spectral Materials Database"", (Accessed: 2026-02-02)\nPalmqvist, A., ""Spectrophotometer Measurement"", Physically Based Database, (Accessed: 2026-03-07)\nWikipedia contributors, ""Polystyrene"", Wikipedia, The Free Encyclopedia, (Accessed: 2026-02-02)\nPolyanskiy, M. N., ""Refractive index database"", (Accessed: 2026-02-02)\nAksit, M., Zhao, C., Klose, B., Kreger, K., Schmidt, H.-W., & Altstädt, V., (2019), ""Extruded Polystyrene Foams with Enhanced Insulation and Mechanical Properties by a Benzene-Trisamide-Based Additive"", Polymers, 11,(2), 268","styrofoam","blob:https://physicallybased.info/6a42a912-12d8-488f-afba-1fbd2f421b25","Density: 50-80 kg/m3","Relative Luminance: 0.839"
"Porcelain","Non-Metal","0.745,0.745,0.723","0","","","2000","0.743","","Palmqvist, A., ""Spectrophotometer Measurement"", Physically Based Database, (Accessed: 2025-12-15)\nJakubiec, J. A., ""Spectral Materials Database"", (Accessed: 2026-02-02)\nWikipedia contributors, ""Vitreous China"", Wikipedia, The Free Encyclopedia, (Accessed: 2025-12-15)\nWikipedia contributors, ""Porcelain"", Wikipedia, The Free Encyclopedia, (Accessed: 2025-12-15)\nWikipedia contributors, ""Ceramic"", Wikipedia, The Free Encyclopedia, (Accessed: 2025-12-15)\n""Ceramic Materials - Properties"", The Engineering ToolBox, (Accessed: 2025-12-15)","vitreous china, ceramic","blob:https://physicallybased.info/d6480e70-b6e7-42c1-8182-79340bd5694a","Density: 2000-2500 kg/m3","Relative Luminance: 0.743"
"Potassium","Metal","0.983,0.956,0.906","1","1.000,1.000,0.994","1.002,1.011,1.032","859","0.958","","Polyanskiy, M. N., ""Refractive index database"", (Accessed: 2025-07-03)\nPortsmouth, J., Kutz, P., & Hill, S., (2025), ""OpenPBR: Novel Features and Implementation Details"", (Accessed: 2025-12-30)\nWikipedia contributors, ""Potassium"", Wikipedia, The Free Encyclopedia, (Accessed: 2025-07-03)","","blob:https://physicallybased.info/fab7a3dd-0614-49b5-9a6a-0c01fa5c12d3","Density: 859 kg/m3","Relative Luminance: 0.958"
"Quartz","Non-Metal","","0","","","2600","","","Wikipedia contributors, ""Quartz"", Wikipedia, The Free Encyclopedia, (Accessed: 2025-02-05)\nPolyanskiy, M. N., ""Refractive index database"", (Accessed: 2025-02-05)\nWikipedia contributors, ""Density"", Wikipedia, The Free Encyclopedia, (Accessed: 2025-01-26)","","blob:https://physicallybased.info/7f4a409a-e983-4b7f-ac9b-717835bf2010","Density: 2600 kg/m3",""
"Rubidium","Metal","0.919,0.859,0.747","1","1.000,0.999,0.998","1.016,1.042,1.105","1534","0.864","","Polyanskiy, M. N., ""Refractive index database"", (Accessed: 2025-07-03)\nPortsmouth, J., Kutz, P., & Hill, S., (2025), ""OpenPBR: Novel Features and Implementation Details"", (Accessed: 2025-12-30)\nWikipedia contributors, ""Rubidium"", Wikipedia, The Free Encyclopedia, (Accessed: 2025-07-03)","","blob:https://physicallybased.info/ffd54f61-8cca-4965-97c1-b64079e736e0","Density: 1534 kg/m3","Relative Luminance: 0.864"
"Salt","Non-Metal","","0","","","2170","","","Polyanskiy, M. N., ""Refractive index database"", (Accessed: 2025-02-05)\nWikipedia contributors, ""Sodium Chloride"", Wikipedia, The Free Encyclopedia, (Accessed: 2025-01-25)","","blob:https://physicallybased.info/9d230e0e-2a79-4eba-8726-8fac4f2cc755","Density: 2170 kg/m3",""
"Sand","Non-Metal","0.440,0.386,0.231","0","","","1440","0.386","","Lagarde, S., ""Feeding a Physically Based Shading Model"", (Accessed: 2025-01-26)\nJakubiec, J. A., ""Spectral Materials Database"", (Accessed: 2026-02-02)\nWikipedia contributors, ""Sand"", Wikipedia, The Free Encyclopedia, (Accessed: 2025-01-25)\nCivil Lead, ""Density of Cement, Sand and Aggregate, Bulk Density of Aggregate"", (Accessed: 2025-02-05)","","blob:https://physicallybased.info/b76305e8-8b01-47fd-bda4-916fed754608","Density: 1440-1680 kg/m3","Relative Luminance: 0.386"
"Sapphire","Non-Metal","","0","","","3980","","","Polyanskiy, M. N., ""Refractive index database"", (Accessed: 2025-02-05)\nWikipedia contributors, ""Sapphire"", Wikipedia, The Free Encyclopedia, (Accessed: 2025-01-25)\n""Table of Refractive Indices and Double Refraction of Selected Gems"", International Gem Society, (Accessed: 2025-02-04)\n""Sapphire Properties"", The Roditi International Corporation, (Accessed: 2025-02-04)","gem, gemstone","blob:https://physicallybased.info/99b81730-3076-443f-b016-c5fd5b3f5560","Density: 3980 kg/m3",""
"Silicon","Metal","0.345,0.369,0.426","1","0.081,0.000,0.004","0.720,0.701,0.663","2330","0.368","","Polyanskiy, M. N., ""Refractive index database"", (Accessed: 2025-06-26)\nPortsmouth, J., Kutz, P., & Hill, S., (2025), ""OpenPBR: Novel Features and Implementation Details"", (Accessed: 2025-12-30)\nWikipedia contributors, ""Silicon"", Wikipedia, The Free Encyclopedia, (Accessed: 2025-01-25)\nWikipedia contributors, ""Density"", Wikipedia, The Free Encyclopedia, (Accessed: 2025-01-25)","","blob:https://physicallybased.info/b72a3d0b-8001-4ef8-9621-84431cbe77b5","Density: 2330 kg/m3","Relative Luminance: 0.368"
"Silver","Metal","0.991,0.985,0.974","1","1.000,1.000,0.991","0.994,0.995,0.998","10500","0.985","","Polyanskiy, M. N., ""Refractive index database"", (Accessed: 2025-06-26)\nPortsmouth, J., Kutz, P., & Hill, S., (2025), ""OpenPBR: Novel Features and Implementation Details"", (Accessed: 2025-12-30)\nWikipedia contributors, ""Density"", Wikipedia, The Free Encyclopedia, (Accessed: 2025-01-25)\nWikipedia contributors, ""Mirror"", Wikipedia, The Free Encyclopedia, (Accessed: 2025-01-25)","mirror","blob:https://physicallybased.info/ea30789f-e770-4bf0-9e38-15127d6f10ba","Density: 10500 kg/m3","Relative Luminance: 0.985"
"Skin I","Non-Metal","0.847,0.638,0.552","0","","","1020","0.676","","Jensen, H. W., Marschner, S. R., Levoy, M. & Hanrahan, P., (2001), ""A Practical Model for Subsurface Light Transport"", Proceedings of the 28th Annual Conference on Computer Graphics and Interactive Techniques, 515\nDonner, C., & Jensen, H. W., (2006), ""A Spectral BSSRDF for Shading Human Skin"", EGSR '06: Proceedings of the 17th Eurographics conference on Rendering Techniques, 409---417\nLister, T., Wright, P. A., & Chappell, P. H., (2012), ""Optical Properties of Human Skin"", Journal of Biomedical Optics, 17,(9), 090901\nLiang, X., & Boppart, S. A., (2010), ""Biomechanical Properties of In Vivo Human Skin From Dynamic Optical Coherence Elastography"", IEEE Transactions on Biomedical Engineering, 57,(4), 953---959\nJimenez, J., ""Next Generation Character Rendering"", (Accessed: 2025-01-26)","epidermis, sss","blob:https://physicallybased.info/ff3cc0c7-9a06-4138-9a27-1badd5c64f65","Density: 1020 kg/m3","Relative Luminance: 0.676"
"Skin II","Non-Metal","0.799,0.485,0.347","0","","","1020","0.542","","Jensen, H. W., Marschner, S. R., Levoy, M. & Hanrahan, P., (2001), ""A Practical Model for Subsurface Light Transport"", Proceedings of the 28th Annual Conference on Computer Graphics and Interactive Techniques, 515\nDonner, C., & Jensen, H. W., (2006), ""A Spectral BSSRDF for Shading Human Skin"", EGSR '06: Proceedings of the 17th Eurographics conference on Rendering Techniques, 409---417\nLister, T., Wright, P. A., & Chappell, P. H., (2012), ""Optical Properties of Human Skin"", Journal of Biomedical Optics, 17,(9), 090901\nLiang, X., & Boppart, S. A., (2010), ""Biomechanical Properties of In Vivo Human Skin From Dynamic Optical Coherence Elastography"", IEEE Transactions on Biomedical Engineering, 57,(4), 953---959\nJimenez, J., ""Next Generation Character Rendering"", (Accessed: 2025-01-26)","epidermis, sss","blob:https://physicallybased.info/cb36b0d8-21bd-4c48-abe4-c4d6c4884e7e","Density: 1020 kg/m3","Relative Luminance: 0.542"
"Skin III","Non-Metal","0.623,0.433,0.343","0","","","1020","0.467","","Jensen, H. W., Marschner, S. R., Levoy, M. & Hanrahan, P., (2001), ""A Practical Model for Subsurface Light Transport"", Proceedings of the 28th Annual Conference on Computer Graphics and Interactive Techniques, 515\nDonner, C., & Jensen, H. W., (2006), ""A Spectral BSSRDF for Shading Human Skin"", EGSR '06: Proceedings of the 17th Eurographics conference on Rendering Techniques, 409---417\nLister, T., Wright, P. A., & Chappell, P. H., (2012), ""Optical Properties of Human Skin"", Journal of Biomedical Optics, 17,(9), 090901\nLiang, X., & Boppart, S. A., (2010), ""Biomechanical Properties of In Vivo Human Skin From Dynamic Optical Coherence Elastography"", IEEE Transactions on Biomedical Engineering, 57,(4), 953---959\nJimenez, J., ""Next Generation Character Rendering"", (Accessed: 2025-01-26)\nJakubiec, J. A., ""Spectral Materials Database"", (Accessed: 2025-01-25)\nJakubiec, J. A., ""Spectral Materials Database"", (Accessed: 2025-01-25)","epidermis, sss","blob:https://physicallybased.info/910b9865-5a21-4726-910a-85197a94988b","Density: 1020 kg/m3","Relative Luminance: 0.467"
"Skin IV","Non-Metal","0.436,0.227,0.131","0","","","1020","0.265","","Jensen, H. W., Marschner, S. R., Levoy, M. & Hanrahan, P., (2001), ""A Practical Model for Subsurface Light Transport"", Proceedings of the 28th Annual Conference on Computer Graphics and Interactive Techniques, 515\nDonner, C., & Jensen, H. W., (2006), ""A Spectral BSSRDF for Shading Human Skin"", EGSR '06: Proceedings of the 17th Eurographics conference on Rendering Techniques, 409---417\nLister, T., Wright, P. A., & Chappell, P. H., (2012), ""Optical Properties of Human Skin"", Journal of Biomedical Optics, 17,(9), 090901\nLiang, X., & Boppart, S. A., (2010), ""Biomechanical Properties of In Vivo Human Skin From Dynamic Optical Coherence Elastography"", IEEE Transactions on Biomedical Engineering, 57,(4), 953---959\nJimenez, J., ""Next Generation Character Rendering"", (Accessed: 2025-01-26)\nJakubiec, J. A., ""Spectral Materials Database"", (Accessed: 2025-01-25)","epidermis, sss","blob:https://physicallybased.info/916c30d6-848d-4928-877a-2370e32ce791","Density: 1020 kg/m3","Relative Luminance: 0.265"
"Skin V","Non-Metal","0.283,0.148,0.079","0","","","1020","0.172","","Jensen, H. W., Marschner, S. R., Levoy, M. & Hanrahan, P., (2001), ""A Practical Model for Subsurface Light Transport"", Proceedings of the 28th Annual Conference on Computer Graphics and Interactive Techniques, 515\nDonner, C., & Jensen, H. W., (2006), ""A Spectral BSSRDF for Shading Human Skin"", EGSR '06: Proceedings of the 17th Eurographics conference on Rendering Techniques, 409---417\nLister, T., Wright, P. A., & Chappell, P. H., (2012), ""Optical Properties of Human Skin"", Journal of Biomedical Optics, 17,(9), 090901\nLiang, X., & Boppart, S. A., (2010), ""Biomechanical Properties of In Vivo Human Skin From Dynamic Optical Coherence Elastography"", IEEE Transactions on Biomedical Engineering, 57,(4), 953---959\nJimenez, J., ""Next Generation Character Rendering"", (Accessed: 2025-01-26)\nJakubiec, J. A., ""Spectral Materials Database"", (Accessed: 2025-01-25)","epidermis, sss","blob:https://physicallybased.info/185a14fc-8772-4efe-836a-72d0a7a48218","Density: 1020 kg/m3","Relative Luminance: 0.172"
"Skin VI","Non-Metal","0.090,0.050,0.020","0","","","1020","0.056","","Jensen, H. W., Marschner, S. R., Levoy, M. & Hanrahan, P., (2001), ""A Practical Model for Subsurface Light Transport"", Proceedings of the 28th Annual Conference on Computer Graphics and Interactive Techniques, 515\nDonner, C., & Jensen, H. W., (2006), ""A Spectral BSSRDF for Shading Human Skin"", EGSR '06: Proceedings of the 17th Eurographics conference on Rendering Techniques, 409---417\nLister, T., Wright, P. A., & Chappell, P. H., (2012), ""Optical Properties of Human Skin"", Journal of Biomedical Optics, 17,(9), 090901\nLiang, X., & Boppart, S. A., (2010), ""Biomechanical Properties of In Vivo Human Skin From Dynamic Optical Coherence Elastography"", IEEE Transactions on Biomedical Engineering, 57,(4), 953---959\nJimenez, J., ""Next Generation Character Rendering"", (Accessed: 2025-01-26)\nJakubiec, J. A., ""Spectral Materials Database"", (Accessed: 2025-01-25)","epidermis, sss","blob:https://physicallybased.info/c4838f8d-1ba6-43e0-82af-302860ab1cc2","Density: 1020 kg/m3","Relative Luminance: 0.056"
"Snow","Non-Metal","0.850,0.850,0.850","0","","","90","0.850","","Lagarde, S., ""Feeding a Physically Based Shading Model"", (Accessed: 2025-01-26)\nPolyanskiy, M. N., ""Refractive index database"", (Accessed: 2025-02-05)\nKAYE, G. W. C., & EVANS, E. J., (1939), ""Sound Absorption of Snow"", Nature, 143, 80\nMaysenhölder, W., Schneebeli, M., Zhou, X., Zhang, T., & Heggli, M., (2008), ""Sound Absorption of Snow"", IBP-Mitteilung\nMaysenhölder, W., Heggli, M., Zhou, X., Zhang, T., Frei, E., & Schneebeli, M., (2012), ""Microstructure and Sound Absorption of Snow"", Cold Regions Science and Technology, 83-84, 3---12","ice","blob:https://physicallybased.info/81b8d563-ce0c-488d-b7c4-c6f565f66325","Density: 90-450 kg/m3","Relative Luminance: 0.850"
"Soap Bubble","Non-Metal","","0","","","","","The colors of a soap bubble are the result of an interaction between the light reflected from the front and back surfaces of the soap film, a phenomenon known as thin-film interference. The thickness of a soap bubble can range between 10 nm and 1000 nm. It's thinner at the top due to gravity.","Fandom contributors, ""Soap Bubble Wiki - Color and Film Thickness"", Fandom, (Accessed: 2025-02-10)\nWikipedia contributors, ""Thin-Film Interference"", Wikipedia, The Free Encyclopedia, (Accessed: 2025-02-10)\nPortsmouth, J., Kutz, P., & Hill, S., (2025), ""OpenPBR: Novel Features and Implementation Details"", (Accessed: 2025-12-30)","","blob:https://physicallybased.info/9697389b-dfb7-4300-b76b-7d6c972eeac9","",""
"Sodium","Metal","0.977,0.962,0.936","1","1.000,1.000,0.991","0.998,1.002,1.011","969","0.963","","Polyanskiy, M. N., ""Refractive index database"", (Accessed: 2025-07-03)\nPortsmouth, J., Kutz, P., & Hill, S., (2025), ""OpenPBR: Novel Features and Implementation Details"", (Accessed: 2025-12-30)\nWikipedia contributors, ""Sodium"", Wikipedia, The Free Encyclopedia, (Accessed: 2025-07-03)","","blob:https://physicallybased.info/196da3d1-ae11-4ea1-a2c2-755e59fc9867","Density: 969 kg/m3","Relative Luminance: 0.963"
"Spectralon","Non-Metal","0.990,0.990,0.990","0","","","","0.990","Spectralon is a fluoropolymer that has the highest diffuse reflectance of any known material or coating over the ultraviolet, visible, and near-infrared regions of the spectrum. It is the whitest substance available and reflects 99% of the light.","Wikipedia contributors, ""Spectralon"", Wikipedia, The Free Encyclopedia, (Accessed: 2025-12-15)\n""Spectralon Diffuse Reflectance Material"", Labsphere, Inc., (Accessed: 2025-12-15)","","blob:https://physicallybased.info/cb81be0f-24ad-4186-8c44-f4a304d4525b","","Relative Luminance: 0.990"
"Stainless Steel","Metal","0.669,0.639,0.598","1","0.804,0.791,0.714","0.789,0.823,0.870","7500","0.642","","Polyanskiy, M. N., ""Refractive index database"", (Accessed: 2025-02-05)\nPortsmouth, J., Kutz, P., & Hill, S., (2025), ""OpenPBR: Novel Features and Implementation Details"", (Accessed: 2025-12-30)\nWikipedia contributors, ""Stainless Steel"", Wikipedia, The Free Encyclopedia, (Accessed: 2025-02-05)","","blob:https://physicallybased.info/eca3f4c4-b477-4b8c-8951-6ecdb9f406a6","Density: 7500-8000 kg/m3","Relative Luminance: 0.642"
"Terracotta","Non-Metal","0.555,0.212,0.110","0","","","1800","0.278","","Palmqvist, A., ""Spectrophotometer Measurement"", Physically Based Database, (Accessed: 2026-03-08)\nWikipedia contributors, ""Terracotta"", Wikipedia, The Free Encyclopedia, (Accessed: 2026-03-08)\n""Technical Specifications - Darwen Terracotta"", Darwen Terracotta Limited, (Accessed: 2026-03-08)\nTran, A., ""All About Terracotta - Aurora Pots"", Aurora Pots, (Accessed: 2026-03-08)\n""Technicial Data of Terracotta Facade Panels"", LOPO Terracotta Facade Panels Manufacturer Corporation, (Accessed: 2026-03-08)","clay","blob:https://physicallybased.info/8b1dca59-2d0f-4ed3-ac88-18769053b782","Density: 1800-2200 kg/m3","Relative Luminance: 0.278"
"Tire","Non-Metal","0.023,0.023,0.023","0","","","","0.023","Car tire.","Palmqvist, A., ""Spectrophotometer Measurement"", Physically Based Database, (Accessed: 2025-01-25)\nWikipedia contributors, ""Tire"", Wikipedia, The Free Encyclopedia, (Accessed: 2025-02-05)","tyre, rubber","blob:https://physicallybased.info/dfbeadfd-166d-43ae-8eac-ae21d0fea821","","Relative Luminance: 0.023"
"Titanium","Metal","0.441,0.400,0.361","1","0.670,0.641,0.520","0.865,0.906,0.946","4540","0.406","","Polyanskiy, M. N., ""Refractive index database"", (Accessed: 2025-06-26)\nPortsmouth, J., Kutz, P., & Hill, S., (2025), ""OpenPBR: Novel Features and Implementation Details"", (Accessed: 2025-12-30)\nWikipedia contributors, ""Density"", Wikipedia, The Free Encyclopedia, (Accessed: 2025-01-26)","","blob:https://physicallybased.info/f3467162-ec90-46ec-a957-76d734ca23b7","Density: 4540 kg/m3","Relative Luminance: 0.406"
"Titanium (Anodized)","Metal","0.441,0.400,0.361","1","0.670,0.641,0.520","0.865,0.906,0.946","4540","0.406","Titanium can be colorized by a process called anodization. It creates a layer of titanium dioxide by supplying different voltages which results in different thickness and color. Additional colors can be achieved by adding dyes.","Polyanskiy, M. N., ""Refractive index database"", (Accessed: 2025-06-26)\nPolyanskiy, M. N., ""Refractive index database"", (Accessed: 2026-02-07)\nPortsmouth, J., Kutz, P., & Hill, S., (2025), ""OpenPBR: Novel Features and Implementation Details"", (Accessed: 2025-12-30)\nWikipedia contributors, ""Density"", Wikipedia, The Free Encyclopedia, (Accessed: 2025-01-26)\nWikipedia contributors, ""Titanium dioxide"", Wikipedia, The Free Encyclopedia, (Accessed: 2026-02-07)\nWikipedia contributors, ""Anodizing"", Wikipedia, The Free Encyclopedia, (Accessed: 2026-02-07)\nWalker, E., ""How Do You Anodize Titanium: A Step-by-Step Guide?"", Walker Metal Smith, (Accessed: 2026-02-07)\nRuan, B., ""Titanium Anodizing: Process, Benefits, and Applications"", Beska LLC, (Accessed: 2026-02-07)\nHuang, S., ""Titanium Anodizing: What It Is, How It Works, and Why It Matters"", Shenzhen Weixiang Hardware Products Co., Ltd, (Accessed: 2026-02-07)\nZhiqiang, W., Kunfeng, C., & Dongfeng, X., (2024), ""Crystallization Of Amorphous Anodized TiO2 Nanotube Arrays"", RSC Advances, 14,(12), 8195---8203\nYeji, C., & Chanyoung, J., (2026), ""Correlation Of Oxide Film Thickness With Interference Coloration And Corrosion Resistance In Anodized Titanium"", Electrochimica Acta, 545,(0013-4686), 147737","","blob:https://physicallybased.info/32e67792-deaf-4e34-99bc-5988e1d98149","Density: 4540 kg/m3","Relative Luminance: 0.406"
"Toilet Paper","Non-Metal","0.830,0.835,0.784","0","","","20","0.830","","Palmqvist, A., ""Spectrophotometer Measurement"", Physically Based Database, (Accessed: 2026-03-08)\n""Why Is Paper Density Very Important for Tissue Paper?"", YuanhuaPaper, (Accessed: 2026-03-08)","","blob:https://physicallybased.info/22fc17e1-dae0-4e99-a420-6032bb39efe7","Density: 20-70 kg/m3","Relative Luminance: 0.830"
"Toner (Black)","Non-Metal","0.050,0.050,0.050","0","","","","0.050","Black toner printed on office paper with linear sRGB values of 0, 0, 0.","Palmqvist, A., ""Spectrophotometer Measurement"", Physically Based Database, (Accessed: 2025-01-25)\nWikipedia contributors, ""Toner (printing)"", Wikipedia, The Free Encyclopedia, (Accessed: 2025-02-10)","","blob:https://physicallybased.info/10483c3e-b5d1-4791-ac06-857041036ab2","","Relative Luminance: 0.050"
"Toothpaste","Non-Metal","0.932,0.937,0.929","0","","","1300","0.935","","Palmqvist, A., ""Spectrophotometer Measurement"", Physically Based Database, (Accessed: 2026-03-08)\nCreeth, J., Bosma, M. L., & Govier, K., (2013), ""How Much Is A Pea-Sized Amount? A Study Of Dentifrice Dosing By Parents In Three Countries"", International Dental Journal, 63,(0020-6539), 25---30, (Accessed: 2026-03-08)\nEnax, J., Meyer, F., Schulze zur Wiesche, E., Fuhrmann, I. C., & Fabritius, H.-O., (2023), ""Toothpaste Abrasion and Abrasive Particle Content: Correlating High-Resolution Profilometric Analysis with Relative Dentin Abrasivity (RDA)"", Dentistry Journal, 11,(3), 79, (Accessed: 2026-03-08)\nRealFlow 10 Documentation, ""Hybrido Viscosity Table"", Next Limit Technologies, (Accessed: 2026-03-08)","","blob:https://physicallybased.info/2100491d-17d0-4249-b54a-be204ae6e6b0","Density: 1300-1500 kg/m3\nViscosity: 50000 mPa⋅s","Relative Luminance: 0.935"
"Tungsten","Metal","0.537,0.536,0.519","1","0.450,0.409,0.193","0.695,0.704,0.714","19300","0.535","","Polyanskiy, M. N., ""Refractive index database"", (Accessed: 2025-06-26)\nPortsmouth, J., Kutz, P., & Hill, S., (2025), ""OpenPBR: Novel Features and Implementation Details"", (Accessed: 2025-12-30)\nWikipedia contributors, ""Density"", Wikipedia, The Free Encyclopedia, (Accessed: 2025-01-26)","","blob:https://physicallybased.info/3f5479aa-73ab-46f6-85a0-0925c489b236","Density: 19300 kg/m3","Relative Luminance: 0.535"
"Vanadium","Metal","0.534,0.526,0.546","1","0.474,0.426,0.175","0.705,0.715,0.695","6100","0.529","","Polyanskiy, M. N., ""Refractive index database"", (Accessed: 2025-01-26)\nPortsmouth, J., Kutz, P., & Hill, S., (2025), ""OpenPBR: Novel Features and Implementation Details"", (Accessed: 2025-12-30)\nWikipedia contributors, ""Density"", Wikipedia, The Free Encyclopedia, (Accessed: 2025-01-26)","","blob:https://physicallybased.info/ac39540a-4e8a-4f46-b140-d7fe4f0ac68f","Density: 6100 kg/m3","Relative Luminance: 0.529"
"Water","Non-Metal","","0","","","958","","While relatively small quantities of water appear to be colorless, pure water has a slight blue color that becomes deeper as the thickness of the observed sample increases. The hue of water is an intrinsic property and is caused by selective absorption and scattering of white light. Dissolved elements or suspended impurities may give water a different color.","Polyanskiy, M. N., ""Refractive index database"", (Accessed: 2025-01-26)\nWikipedia contributors, ""Density"", Wikipedia, The Free Encyclopedia, (Accessed: 2025-01-26)\nWikipedia contributors, ""Properties of Water"", Wikipedia, The Free Encyclopedia, (Accessed: 2025-02-10)\nWikipedia contributors, ""Color of Water"", Wikipedia, The Free Encyclopedia, (Accessed: 2025-02-10)\nWikipedia contributors, ""List of Viscosities"", Wikipedia, The Free Encyclopedia, (Accessed: 2025-01-26)\nWikipedia contributors, ""Surface tension"", Wikipedia, The Free Encyclopedia, (Accessed: 2025-08-30)\nRealFlow 10 Documentation, ""Hybrido Viscosity Table"", Next Limit Technologies, (Accessed: 2025-01-26)\n""Water - Dynamic (Absolute) and Kinematic Viscosity vs. Temperature and Pressure "", The Engineering ToolBox, (Accessed: 2025-01-26)\nJCW Acoustic Supplies, ""Absorption coefficients of common building materials and finishes"", (Accessed: 2025-01-26)\nHedeen, R. A., (1980), ""Compendium of Materials for Noise Control"", 55, (Accessed: 2025-02-10)\nSeungwan, L., Minseog, C., Eunsung, L., Kyu-Dong, J., Jong-hyeon, C., & Woonbae, K., (2013), ""Zoom Lens Design Using Liquid Lens for Laparoscope"", Optics Express, 21,(2), 1751---1761\nMobley, C. D., (1995), ""The Optical Properties of Water"", Handbook of optics, 43","","blob:https://physicallybased.info/f39bca23-03fe-47a5-8ee2-7ca878af28d0","Density: 958-1000 kg/m3\nViscosity: 1.002 mPa⋅s\nSurface Tension: 72 mN/m",""
"Whiteboard","Non-Metal","0.869,0.867,0.771","0","","","","0.860","","Jakubiec, J. A., ""Spectral Materials Database"", (Accessed: 2025-01-25)\nPalmqvist, A., ""Spectrophotometer Measurement"", Physically Based Database, (Accessed: 2026-02-04)","","blob:https://physicallybased.info/a61413e2-a79e-4859-99da-bb0219d03419","","Relative Luminance: 0.860"
"Zinc","Metal","0.808,0.844,0.865","1","0.854,0.922,0.923","0.762,0.833,0.896","7000","0.838","","Polyanskiy, M. N., ""Refractive index database"", (Accessed: 2025-01-26)\nPortsmouth, J., Kutz, P., & Hill, S., (2025), ""OpenPBR: Novel Features and Implementation Details"", (Accessed: 2025-12-30)\nWikipedia contributors, ""Density"", Wikipedia, The Free Encyclopedia, (Accessed: 2025-01-26)","","blob:https://physicallybased.info/c299d223-a7fe-43b1-844c-627f009988ec","Density: 7000 kg/m3","Relative Luminance: 0.838"
